Unnamed: 0,timestamp,pv_yield_power,household_consumption,battery_level,Grid_energy
0,03/06/2023 00:00,0.0,3373.817994,0.0,3373.817994
1,03/06/2023 00:05,0.0,3327.497336,0.0,3327.497336
2,03/06/2023 00:10,0.0,3282.971003,0.0,3282.971003
3,03/06/2023 00:15,0.0,3281.698338,0.0,3281.698338
4,03/06/2023 00:20,0.0,3392.708339,0.0,3392.708339
5,03/06/2023 00:25,0.0,3393.997668,0.0,3393.997668
6,03/06/2023 00:30,0.0,3239.520331,0.0,3239.520331
7,03/06/2023 00:35,0.0,3204.672667,0.0,3204.672667
8,03/06/2023 00:40,0.0,3235.56867,0.0,3235.56867
9,03/06/2023 00:45,0.0,3322.152675,0.0,3322.152675
10,03/06/2023 00:50,0.0,3293.529337,0.0,3293.529337
11,03/06/2023 00:55,0.0,3304.100661,0.0,3304.100661
12,03/06/2023 01:00,0.0,3485.254999,0.0,3485.254999
13,03/06/2023 01:05,0.0,3443.850336,0.0,3443.850336
14,03/06/2023 01:10,0.0,3468.914665,0.0,3468.914665
15,03/06/2023 01:15,0.0,3479.575328,0.0,3479.575328
16,03/06/2023 01:20,0.0,3517.458995,0.0,3517.458995
17,03/06/2023 01:25,0.0,3277.996328,0.0,3277.996328
18,03/06/2023 01:30,0.0,3257.001994,0.0,3257.001994
19,03/06/2023 01:35,0.0,3351.893339,0.0,3351.893339
20,03/06/2023 01:40,0.0,3429.657003,0.0,3429.657003
21,03/06/2023 01:45,0.0,3286.776335,0.0,3286.776335
22,03/06/2023 01:50,0.0,3231.621329,0.0,3231.621329
23,03/06/2023 01:55,0.0,3208.168671,0.0,3208.168671
24,03/06/2023 02:00,0.0,3220.720992,0.0,3220.720992
25,03/06/2023 02:05,0.0,3117.995004,0.0,3117.995004
26,03/06/2023 02:10,0.0,3198.918346,0.0,3198.918346
27,03/06/2023 02:15,0.0,3209.687001,0.0,3209.687001
28,03/06/2023 02:20,0.0,3228.162669,0.0,3228.162669
29,03/06/2023 02:25,0.0,3231.389001,0.0,3231.389001
30,03/06/2023 02:30,0.0,3179.959661,0.0,3179.959661
31,03/06/2023 02:35,0.0,3234.449666,0.0,3234.449666
32,03/06/2023 02:40,0.0,3117.141329,0.0,3117.141329
33,03/06/2023 02:45,0.0,3003.122658,0.0,3003.122658
34,03/06/2023 02:50,0.0,3091.669671,0.0,3091.669671
35,03/06/2023 02:55,0.0,3145.799999,0.0,3145.799999
36,03/06/2023 03:00,0.0,3137.715332,0.0,3137.715332
37,03/06/2023 03:05,0.0,3042.297999,0.0,3042.297999
38,03/06/2023 03:10,0.0,2866.476338,0.0,2866.476338
39,03/06/2023 03:15,0.0,2916.458004,0.0,2916.458004
40,03/06/2023 03:20,0.0,3025.491328,0.0,3025.491328
41,03/06/2023 03:25,0.0,2968.600994,0.0,2968.600994
42,03/06/2023 03:30,34.76666667,2781.391333,0.0,2781.391333
43,03/06/2023 03:35,104.7666667,2939.373,0.0,2939.373
44,03/06/2023 03:40,174.7666667,2944.119331,0.0,2944.119331
45,03/06/2023 03:45,299.4,2929.194666,0.0,2929.194666
46,03/06/2023 03:50,479.4,2958.941329,0.0,2958.941329
47,03/06/2023 03:55,659.4,3186.175663,0.0,3186.175663
48,03/06/2023 04:00,966.05,3358.622006,0.0,3358.622006
49,03/06/2023 04:05,1401.05,3241.935331,0.0,3241.935331
50,03/06/2023 04:10,1836.05,3144.017995,0.0,3144.017995
51,03/06/2023 04:15,2675.833333,3036.786333,0.0,3036.786333
52,03/06/2023 04:20,3925.833333,3814.673653,111.15968000000021,0.0
53,03/06/2023 04:25,5175.833333,3201.131,1974.7023329999997,0.0
54,03/06/2023 04:30,6170.05,3236.168668,2933.8813320000004,0.0
55,03/06/2023 04:35,6905.05,3490.500998,3414.549002,0.0
56,03/06/2023 04:40,7640.05,3796.156994,3843.8930060000002,0.0
57,03/06/2023 04:45,8235.983333,3301.728335,4934.254998,0.0
58,03/06/2023 04:50,8690.983333,3629.742334,5061.240999,0.0
59,03/06/2023 04:55,9145.983333,3601.71933,5544.264003,0.0
60,03/06/2023 05:00,9531.45,3409.273997,6122.1760030000005,0.0
61,03/06/2023 05:05,9846.45,3072.065666,6774.384334,0.0
62,03/06/2023 05:10,10161.45,3494.165334,6667.284666000001,0.0
63,03/06/2023 05:15,10804.25,3659.155001,7145.094999,0.0
64,03/06/2023 05:20,11779.25,3912.370006,7866.879994,0.0
65,03/06/2023 05:25,12754.25,4034.433655,8719.816345,0.0
66,03/06/2023 05:30,13485.88333,3842.43433,9643.449,0.0
67,03/06/2023 05:35,13970.88333,4569.522667,9401.360663,0.0
68,03/06/2023 05:40,14455.88333,4828.554336,9627.328994,0.0
69,03/06/2023 05:45,14712.41667,5643.67201,9068.74466,0.0
70,03/06/2023 05:50,14737.41667,5473.832,9263.58467,0.0
71,03/06/2023 05:55,14762.41667,3372.400989,11390.015681,0.0
72,03/06/2023 06:00,15296.5,4161.753337,11134.746663,0.0
73,03/06/2023 06:05,16346.5,4888.712333,11457.787667,0.0
74,03/06/2023 06:10,17396.5,5001.04334,12395.45666,0.0
75,03/06/2023 06:15,18163.4,4413.129661,13750.270339000002,0.0
76,03/06/2023 06:20,18643.4,3501.753332,15141.646668000001,0.0
77,03/06/2023 06:25,19123.4,3613.676337,15509.723663,0.0
78,03/06/2023 06:30,19682.86667,3592.162002,16090.704667999998,0.0
79,03/06/2023 06:35,20322.86667,4434.487001,15888.379668999998,0.0
80,03/06/2023 06:40,20962.86667,4100.694341,16862.172329,0.0
81,03/06/2023 06:45,21587.96667,5192.387995,16395.578675,0.0
82,03/06/2023 06:50,22197.96667,5430.091334,16767.875336,0.0
83,03/06/2023 06:55,22807.96667,4461.443989,18346.522681000002,0.0
84,03/06/2023 07:00,23408.03333,4620.20232,18787.831009999998,0.0
85,03/06/2023 07:05,23998.03333,4376.847329,19621.186001,0.0
86,03/06/2023 07:10,24588.03333,4375.957672,20212.075657999998,0.0
87,03/06/2023 07:15,25245.08333,4741.680008,20503.403322000002,0.0
88,03/06/2023 07:20,25970.08333,4925.663339,21044.419991000002,0.0
89,03/06/2023 07:25,26695.08333,6667.060339,20028.022991,0.0
90,03/06/2023 07:30,27420.08333,7291.949003,20128.134327,0.0
91,03/06/2023 07:35,28145.08333,5945.053353,22200.029977000002,0.0
92,03/06/2023 07:40,28870.08333,5419.022656,23451.060674,0.0
93,03/06/2023 07:45,29460.98333,4855.044327,24605.939003,0.0
94,03/06/2023 07:50,29915.98333,6221.998001,23693.985329,0.0
95,03/06/2023 07:55,30370.98333,5835.11934,24535.863989999998,0.0
96,03/06/2023 08:00,30883.1,4707.38999,26175.71001,0.0
97,03/06/2023 08:05,31453.1,5013.997335,26439.102665,0.0
98,03/06/2023 08:10,32023.1,6551.268988,25471.831012,0.0
99,03/06/2023 08:15,32595.58333,7754.224693,24841.358637,0.0
100,03/06/2023 08:20,33170.58333,8158.238346,25012.344984000003,0.0
101,03/06/2023 08:25,33745.58333,6807.085693,26938.497637,0.0
102,03/06/2023 08:30,34246.08333,6302.00798,27944.07535,0.0
103,03/06/2023 08:35,34671.08333,4255.274332,30415.808998,0.0
104,03/06/2023 08:40,35096.08333,4520.051994,30576.031336,0.0
105,03/06/2023 08:45,35478.86667,4966.671992,30512.194678000003,0.0
106,03/06/2023 08:50,35818.86667,4585.310003,31233.556667000004,0.0
107,03/06/2023 08:55,36158.86667,4817.474337,31341.392333000003,0.0
108,03/06/2023 09:00,36538.6,4492.962334,32045.637666,0.0
109,03/06/2023 09:05,36958.6,4292.551994,32666.048005999997,0.0
110,03/06/2023 09:10,37378.6,4392.575667,32986.024333,0.0
111,03/06/2023 09:15,37743.96667,4767.846667,32976.120003,0.0
112,03/06/2023 09:20,38053.96667,5602.617311,32451.349359,0.0
113,03/06/2023 09:25,38363.96667,6901.637338,31462.329332,0.0
114,03/06/2023 09:30,38788.2,7621.431647,31166.768352999996,0.0
115,03/06/2023 09:35,39328.2,7412.248332,31915.951667999998,0.0
116,03/06/2023 09:40,39868.2,5961.741326,33906.458673999994,0.0
117,03/06/2023 09:45,39993.48333,4616.233996,35377.249334,0.0
118,03/06/2023 09:50,39698.48333,5390.230996,34308.252334000004,0.0
119,03/06/2023 09:55,39403.48333,6168.744344,33234.738986000004,0.0
120,03/06/2023 10:00,38179.71667,6276.202659,31903.514011000003,0.0
121,03/06/2023 10:05,36014.71667,7622.664659,28392.052011,0.0
122,03/06/2023 10:10,33849.71667,7406.560673,26443.155997,0.0
123,03/06/2023 10:15,33964.41667,6535.364013,27429.052657,0.0
124,03/06/2023 10:20,36389.41667,4505.068342,31884.348328,0.0
125,03/06/2023 10:25,38814.41667,4319.215994,34495.200676,0.0
126,03/06/2023 10:30,38468.01667,3884.784659,34583.232011,0.0
127,03/06/2023 10:35,35313.01667,3955.552339,31357.464330999996,0.0
128,03/06/2023 10:40,32158.01667,4373.214333,27784.802337,0.0
129,03/06/2023 10:45,32191.61667,4568.811325,27622.805345,0.0
130,03/06/2023 10:50,35456.61667,6318.483657,29138.133013000002,0.0
131,03/06/2023 10:55,38721.61667,5613.434341,33108.182329,0.0
132,03/06/2023 11:00,39031.45,7157.336664,31874.113335999995,0.0
133,03/06/2023 11:05,36346.45,6955.722658,29390.727342,0.0
134,03/06/2023 11:10,33661.45,5123.361689,28538.088310999996,0.0
135,03/06/2023 11:15,32590.61667,4707.038998,27883.577672,0.0
136,03/06/2023 11:20,33155.61667,4819.057669,28336.559001,0.0
137,03/06/2023 11:25,33720.61667,4618.867673,29101.748997000002,0.0
138,03/06/2023 11:30,35552.11667,4688.350338,30863.766332000003,0.0
139,03/06/2023 11:35,38667.11667,6915.492366,31751.624304000004,0.0
140,03/06/2023 11:40,41782.11667,8097.697342,33684.419328,0.0
141,03/06/2023 11:45,42662.11667,6945.682331,35716.434339,0.0
142,03/06/2023 11:50,41277.11667,6159.864999,35117.251671000005,0.0
143,03/06/2023 11:55,39892.11667,6817.581673,33074.534997,0.0
144,03/06/2023 12:00,37322.56667,5977.421024,31345.145646,0.0
145,03/06/2023 12:05,33552.56667,5263.474999,28289.091671000002,0.0
146,03/06/2023 12:10,29782.56667,4646.530674,25136.035996,0.0
147,03/06/2023 12:15,25754.3,6566.798353,19187.501646999997,0.0
148,03/06/2023 12:20,21464.3,4648.904,16815.396,0.0
149,03/06/2023 12:25,17174.3,4499.591993,12674.708007,0.0
150,03/06/2023 12:30,18357.56667,4459.762336,13897.804334,0.0
151,03/06/2023 12:35,25087.56667,3681.135671,21406.430999,0.0
152,03/06/2023 12:40,31817.56667,4818.653978,26998.912691999998,0.0
153,03/06/2023 12:45,35828.31667,4864.267012,30964.049658,0.0
154,03/06/2023 12:50,37083.31667,4377.674662,32705.642008,0.0
155,03/06/2023 12:55,38338.31667,5796.683998,32541.632672,0.0
156,03/06/2023 13:00,34673.83333,4994.521348,29679.311982,0.0
157,03/06/2023 13:05,26023.83333,5220.264352,20803.568978000003,0.0
158,03/06/2023 13:10,17373.83333,4727.833999,12645.999331,0.0
159,03/06/2023 13:15,12893.35,5785.587013,7107.762987,0.0
160,03/06/2023 13:20,12638.35,6215.812994,6422.5370060000005,0.0
161,03/06/2023 13:25,12383.35,6237.992676,6145.3573240000005,0.0
162,03/06/2023 13:30,14748.26667,5482.194003,9266.072667,0.0
163,03/06/2023 13:35,19768.26667,4358.934659,15409.332011000002,0.0
164,03/06/2023 13:40,24788.26667,5582.524648,19205.742022000002,0.0
165,03/06/2023 13:45,25333.3,6027.046984,19306.253016,0.0
166,03/06/2023 13:50,21343.3,4912.883993,16430.416007,0.0
167,03/06/2023 13:55,17353.3,4219.928334,13133.371666,0.0
168,03/06/2023 14:00,18382.11667,4589.412002,13792.704667999998,0.0
169,03/06/2023 14:05,24497.11667,5913.167339,18583.949331,0.0
170,03/06/2023 14:10,30612.11667,7039.605669,23572.511001,0.0
171,03/06/2023 14:15,30948.4,6332.067671,24616.332329,0.0
172,03/06/2023 14:20,25428.4,6086.001998,19342.398002,0.0
173,03/06/2023 14:25,19908.4,3674.154335,16234.245665000002,0.0
174,03/06/2023 14:30,19886.5,4238.258332,15648.241667999999,0.0
175,03/06/2023 14:35,25436.5,5977.238989,19459.261011,0.0
176,03/06/2023 14:40,30986.5,6063.897325,24922.602675000002,0.0
177,03/06/2023 14:45,33355.35,5124.320675,28231.029325,0.0
178,03/06/2023 14:50,32500.35,4175.339004,28325.010995999997,0.0
179,03/06/2023 14:55,31645.35,4142.883325,27502.466675,0.0
180,03/06/2023 15:00,31016.33333,7323.484671,23692.848659000003,0.0
181,03/06/2023 15:05,30616.33333,8621.058649,21995.274681000003,0.0
182,03/06/2023 15:10,30216.33333,8204.847996,22011.485334,0.0
183,03/06/2023 15:15,29369.33333,7742.778672,21626.554658,0.0
184,03/06/2023 15:20,28069.33333,7397.691016,20671.642314,0.0
185,03/06/2023 15:25,26769.33333,5634.755989,21134.577341,0.0
186,03/06/2023 15:30,24992.53333,5904.013661,19088.519668999998,0.0
187,03/06/2023 15:35,22732.53333,6168.884333,16563.648996999997,0.0
188,03/06/2023 15:40,20472.53333,4960.736679,15511.796650999999,0.0
189,03/06/2023 15:45,19948.38333,4866.733681,15081.649649,0.0
190,03/06/2023 15:50,21183.38333,4844.432661,16338.950669000002,0.0
191,03/06/2023 15:55,22418.38333,6753.570637,15664.812693,0.0
192,03/06/2023 16:00,22456.41667,6969.242013,15487.174657,0.0
193,03/06/2023 16:05,21281.41667,6933.203334,14348.213335999999,0.0
194,03/06/2023 16:10,20106.41667,6989.523985,13116.892684999999,0.0
195,03/06/2023 16:15,17530.81667,7701.638333,9829.178337000001,0.0
196,03/06/2023 16:20,13535.81667,7899.360342,5636.456328,0.0
197,03/06/2023 16:25,9540.816667,7624.575352,1916.2413149999993,0.0
198,03/06/2023 16:30,7217.1,5977.746675,1239.353325,0.0
199,03/06/2023 16:35,6587.1,6129.447659,457.652341,0.0
200,03/06/2023 16:40,5957.1,5419.201642,537.8983580000004,0.0
201,03/06/2023 16:45,5731.883333,4524.380336,1207.5029969999996,0.0
202,03/06/2023 16:50,5916.883333,4489.128337,1427.7549959999997,0.0
203,03/06/2023 16:55,6101.883333,4541.002667,1560.880666,0.0
204,03/06/2023 17:00,5909.416667,4724.517331,1184.8993360000004,0.0
205,03/06/2023 17:05,5334.416667,4780.309663,554.1070040000004,0.0
206,03/06/2023 17:10,4759.416667,4815.296336,0.0,4815.296336
207,03/06/2023 17:15,4199.316667,4980.467009,0.0,4980.467009
208,03/06/2023 17:20,3654.316667,4702.158339,0.0,4702.158339
209,03/06/2023 17:25,3109.316667,5131.450663,0.0,5131.450663
210,03/06/2023 17:30,2753.05,5368.061993,0.0,5368.061993
211,03/06/2023 17:35,2588.05,4657.022651,0.0,4657.022651
212,03/06/2023 17:40,2423.05,4677.083672,0.0,4677.083672
213,03/06/2023 17:45,2270.466667,4930.154332,0.0,4930.154332
214,03/06/2023 17:50,2130.466667,4835.312006,0.0,4835.312006
215,03/06/2023 17:55,1990.466667,4854.604338,0.0,4854.604338
216,03/06/2023 18:00,1855.433333,4957.551986,0.0,4957.551986
217,03/06/2023 18:05,1725.433333,5100.214333,0.0,5100.214333
218,03/06/2023 18:10,1595.433333,5114.261664,0.0,5114.261664
219,03/06/2023 18:15,1455.5,4965.291669,0.0,4965.291669
220,03/06/2023 18:20,1305.5,4931.949661,0.0,4931.949661
221,03/06/2023 18:25,1155.5,4812.65033,0.0,4812.65033
222,03/06/2023 18:30,1022.883333,4938.353001,0.0,4938.353001
223,03/06/2023 18:35,907.8833333,5057.324011,0.0,5057.324011
224,03/06/2023 18:40,792.8833333,7092.381337,0.0,7092.381337
225,03/06/2023 18:45,670.4333333,7676.434679,0.0,7676.434679
226,03/06/2023 18:50,540.4333333,7501.640684,0.0,7501.640684
227,03/06/2023 18:55,410.4333333,7685.170674,0.0,7685.170674
228,03/06/2023 19:00,307.75,7359.234344,0.0,7359.234344
229,03/06/2023 19:05,232.75,6279.787014,0.0,6279.787014
230,03/06/2023 19:10,157.75,5158.688349,0.0,5158.688349
231,03/06/2023 19:15,100.1333333,5096.727682,0.0,5096.727682
232,03/06/2023 19:20,60.13333333,5622.388654,0.0,5622.388654
233,03/06/2023 19:25,20.13333333,5811.572676,0.0,5811.572676
234,03/06/2023 19:30,0.0,5282.354331,0.0,5282.354331
235,03/06/2023 19:35,0.0,6857.793651,0.0,6857.793651
236,03/06/2023 19:40,0.0,5171.162336,0.0,5171.162336
237,03/06/2023 19:45,0.0,5246.25467,0.0,5246.25467
238,03/06/2023 19:50,0.0,4909.16134,0.0,4909.16134
239,03/06/2023 19:55,0.0,4931.964328,0.0,4931.964328
240,03/06/2023 20:00,0.0,5006.826986,0.0,5006.826986
241,03/06/2023 20:05,0.0,4958.048993,0.0,4958.048993
242,03/06/2023 20:10,0.0,4722.299999,0.0,4722.299999
243,03/06/2023 20:15,0.0,4556.068996,0.0,4556.068996
244,03/06/2023 20:20,0.0,4730.760335,0.0,4730.760335
245,03/06/2023 20:25,0.0,4794.284332,0.0,4794.284332
246,03/06/2023 20:30,0.0,4791.67535,0.0,4791.67535
247,03/06/2023 20:35,0.0,4644.818666,0.0,4644.818666
248,03/06/2023 20:40,0.0,4608.203994,0.0,4608.203994
249,03/06/2023 20:45,0.0,4405.348335,0.0,4405.348335
250,03/06/2023 20:50,0.0,4338.567328,0.0,4338.567328
251,03/06/2023 20:55,0.0,4305.680341,0.0,4305.680341
252,03/06/2023 21:00,0.0,4361.542997,0.0,4361.542997
253,03/06/2023 21:05,0.0,4446.603342,0.0,4446.603342
254,03/06/2023 21:10,0.0,4430.306662,0.0,4430.306662
255,03/06/2023 21:15,0.0,4299.016672,0.0,4299.016672
256,03/06/2023 21:20,0.0,4308.83867,0.0,4308.83867
257,03/06/2023 21:25,0.0,4317.78999,0.0,4317.78999
258,03/06/2023 21:30,0.0,4160.240687,0.0,4160.240687
259,03/06/2023 21:35,0.0,4268.64534,0.0,4268.64534
260,03/06/2023 21:40,0.0,4265.947996,0.0,4265.947996
261,03/06/2023 21:45,0.0,4373.854994,0.0,4373.854994
262,03/06/2023 21:50,0.0,4258.595335,0.0,4258.595335
263,03/06/2023 21:55,0.0,4356.807659,0.0,4356.807659
264,03/06/2023 22:00,0.0,4067.480993,0.0,4067.480993
265,03/06/2023 22:05,0.0,3985.275661,0.0,3985.275661
266,03/06/2023 22:10,0.0,4020.514665,0.0,4020.514665
267,03/06/2023 22:15,0.0,4001.459664,0.0,4001.459664
268,03/06/2023 22:20,0.0,3917.011001,0.0,3917.011001
269,03/06/2023 22:25,0.0,3921.318335,0.0,3921.318335
270,03/06/2023 22:30,0.0,3684.912669,0.0,3684.912669
271,03/06/2023 22:35,0.0,3567.892665,0.0,3567.892665
272,03/06/2023 22:40,0.0,3493.705002,0.0,3493.705002
273,03/06/2023 22:45,0.0,3534.527008,0.0,3534.527008
274,03/06/2023 22:50,0.0,3728.79133,0.0,3728.79133
275,03/06/2023 22:55,0.0,3813.254006,0.0,3813.254006
276,03/06/2023 23:00,0.0,3486.799336,0.0,3486.799336
277,03/06/2023 23:05,0.0,3344.049995,0.0,3344.049995
278,03/06/2023 23:10,0.0,3430.039,0.0,3430.039
279,03/06/2023 23:15,0.0,3243.398999,0.0,3243.398999
280,03/06/2023 23:20,0.0,3277.880332,0.0,3277.880332
281,03/06/2023 23:25,0.0,3482.004668,0.0,3482.004668
282,03/06/2023 23:30,0.0,3458.351997,0.0,3458.351997
283,03/06/2023 23:35,0.0,3349.487674,0.0,3349.487674
284,03/06/2023 23:40,0.0,3310.524329,0.0,3310.524329
285,03/06/2023 23:45,0.0,3240.676338,0.0,3240.676338
286,03/06/2023 23:50,0.0,3391.970665,0.0,3391.970665
287,03/06/2023 23:55,0.0,3448.628999,0.0,3448.628999
288,04/06/2023 00:00,0.0,3384.681998,0.0,3384.681998
289,04/06/2023 00:05,0.0,3357.318006,0.0,3357.318006
290,04/06/2023 00:10,0.0,3512.269008,0.0,3512.269008
291,04/06/2023 00:15,0.0,3242.809339,0.0,3242.809339
292,04/06/2023 00:20,0.0,3009.920329,0.0,3009.920329
293,04/06/2023 00:25,0.0,3082.619335,0.0,3082.619335
294,04/06/2023 00:30,0.0,3181.365997,0.0,3181.365997
295,04/06/2023 00:35,0.0,3064.193666,0.0,3064.193666
296,04/06/2023 00:40,0.0,3111.453333,0.0,3111.453333
297,04/06/2023 00:45,0.0,3202.870669,0.0,3202.870669
298,04/06/2023 00:50,0.0,3149.855001,0.0,3149.855001
299,04/06/2023 00:55,0.0,3138.68533,0.0,3138.68533
300,04/06/2023 01:00,0.0,3079.582338,0.0,3079.582338
301,04/06/2023 01:05,0.0,3177.982341,0.0,3177.982341
302,04/06/2023 01:10,0.0,3386.955664,0.0,3386.955664
303,04/06/2023 01:15,0.0,3356.775663,0.0,3356.775663
304,04/06/2023 01:20,0.0,3321.951996,0.0,3321.951996
305,04/06/2023 01:25,0.0,3249.076667,0.0,3249.076667
306,04/06/2023 01:30,0.0,3189.276002,0.0,3189.276002
307,04/06/2023 01:35,0.0,3424.994993,0.0,3424.994993
308,04/06/2023 01:40,0.0,3406.166339,0.0,3406.166339
309,04/06/2023 01:45,0.0,3286.622336,0.0,3286.622336
310,04/06/2023 01:50,0.0,3227.609996,0.0,3227.609996
311,04/06/2023 01:55,0.0,3265.450658,0.0,3265.450658
312,04/06/2023 02:00,0.0,3127.977667,0.0,3127.977667
313,04/06/2023 02:05,0.0,3014.379336,0.0,3014.379336
314,04/06/2023 02:10,0.0,2959.600341,0.0,2959.600341
315,04/06/2023 02:15,0.0,3001.009332,0.0,3001.009332
316,04/06/2023 02:20,0.0,2879.13433,0.0,2879.13433
317,04/06/2023 02:25,0.0,3079.082005,0.0,3079.082005
318,04/06/2023 02:30,0.0,3062.443996,0.0,3062.443996
319,04/06/2023 02:35,0.0,2970.314323,0.0,2970.314323
320,04/06/2023 02:40,0.0,3052.975672,0.0,3052.975672
321,04/06/2023 02:45,0.0,3232.846335,0.0,3232.846335
322,04/06/2023 02:50,0.0,3143.730665,0.0,3143.730665
323,04/06/2023 02:55,0.0,3407.058329,0.0,3407.058329
324,04/06/2023 03:00,0.0,3810.690667,0.0,3810.690667
325,04/06/2023 03:05,0.0,3722.880321,0.0,3722.880321
326,04/06/2023 03:10,0.0,3269.848005,0.0,3269.848005
327,04/06/2023 03:15,7.45,3221.039331,0.0,3221.039331
328,04/06/2023 03:20,22.45,3334.087672,0.0,3334.087672
329,04/06/2023 03:25,37.45,3327.761668,0.0,3327.761668
330,04/06/2023 03:30,119.5,3235.411332,0.0,3235.411332
331,04/06/2023 03:35,269.5,3172.657999,0.0,3172.657999
332,04/06/2023 03:40,419.5,3078.113,0.0,3078.113
333,04/06/2023 03:45,845.15,3159.982005,0.0,3159.982005
334,04/06/2023 03:50,1550.15,3020.145008,0.0,3020.145008
335,04/06/2023 03:55,2255.15,3226.85333,0.0,3226.85333
336,04/06/2023 04:00,3042.1,3300.15833,0.0,3300.15833
337,04/06/2023 04:05,3912.1,3600.039664,312.060336,0.0
338,04/06/2023 04:10,4782.1,3300.587994,1481.5120060000004,0.0
339,04/06/2023 04:15,5629.75,4350.090345,1279.6596550000004,0.0
340,04/06/2023 04:20,6454.75,3732.715327,2722.034673,0.0
341,04/06/2023 04:25,7279.75,3559.663331,3720.086669,0.0
342,04/06/2023 04:30,7943.333333,3929.360345,4013.9729879999995,0.0
343,04/06/2023 04:35,8443.333333,4143.057322,4300.276011000001,0.0
344,04/06/2023 04:40,8943.333333,3537.514004,5405.819329,0.0
345,04/06/2023 04:45,9468.166667,3498.127998,5970.038669,0.0
346,04/06/2023 04:50,10018.16667,3838.789672,6179.376998000001,0.0
347,04/06/2023 04:55,10568.16667,4227.080672,6341.0859980000005,0.0
348,04/06/2023 05:00,11105.75,3769.996002,7335.753998,0.0
349,04/06/2023 05:05,11630.75,3686.329675,7944.420325,0.0
350,04/06/2023 05:10,12155.75,4030.069671,8125.680329,0.0
351,04/06/2023 05:15,12655.91667,3872.599335,8783.317335,0.0
352,04/06/2023 05:20,13130.91667,3472.232999,9658.683671,0.0
353,04/06/2023 05:25,13605.91667,3326.085667,10279.831003000001,0.0
354,04/06/2023 05:30,14063.53333,3172.504998,10891.028332,0.0
355,04/06/2023 05:35,14503.53333,4029.732998,10473.800332,0.0
356,04/06/2023 05:40,14943.53333,3541.876666,11401.656664,0.0
357,04/06/2023 05:45,15371.11667,4182.642669,11188.474000999999,0.0
358,04/06/2023 05:50,15786.11667,3954.623334,11831.493336,0.0
359,04/06/2023 05:55,16201.11667,3211.931001,12989.185668999999,0.0
360,04/06/2023 06:00,16648.4,3148.895341,13499.504659000002,0.0
361,04/06/2023 06:05,17128.4,3283.707335,13844.692665000002,0.0
362,04/06/2023 06:10,17608.4,4102.123369,13506.276631,0.0
363,04/06/2023 06:15,18110.75,5093.444992,13017.305008,0.0
364,04/06/2023 06:20,18635.75,5230.662673,13405.087327000001,0.0
365,04/06/2023 06:25,19160.75,3082.857,16077.893,0.0
366,04/06/2023 06:30,19725.48333,4497.760991,15227.722339,0.0
367,04/06/2023 06:35,20330.48333,4452.22335,15878.259979999999,0.0
368,04/06/2023 06:40,20935.48333,4677.169,16258.31433,0.0
369,04/06/2023 06:45,21562.83333,3759.366991,17803.466339000002,0.0
370,04/06/2023 06:50,22212.83333,3190.054003,19022.779327,0.0
371,04/06/2023 06:55,22862.83333,4629.340003,18233.493327,0.0
372,04/06/2023 07:00,23574.91667,3907.226008,19667.690661999997,0.0
373,04/06/2023 07:05,24349.91667,4198.256325,20151.660344999997,0.0
374,04/06/2023 07:10,25124.91667,4234.573348,20890.343322,0.0
375,04/06/2023 07:15,25822.93333,6424.606686,19398.326644,0.0
376,04/06/2023 07:20,26442.93333,5732.413009,20710.520321,0.0
377,04/06/2023 07:25,27062.93333,6443.621676,20619.311654,0.0
378,04/06/2023 07:30,27687.9,4067.857672,23620.042328000003,0.0
379,04/06/2023 07:35,28317.9,3511.387998,24806.512002000003,0.0
380,04/06/2023 07:40,28947.9,3696.020339,25251.879661000003,0.0
381,04/06/2023 07:45,29553.06667,3793.666007,25759.400663,0.0
382,04/06/2023 07:50,30133.06667,3669.085327,26463.981343,0.0
383,04/06/2023 07:55,30713.06667,3804.290331,26908.776339,0.0
384,04/06/2023 08:00,31263.26667,4351.866331,26911.400339,0.0
385,04/06/2023 08:05,31783.26667,7014.693334,24768.573336,0.0
386,04/06/2023 08:10,32303.26667,6757.238342,25546.028328,0.0
387,04/06/2023 08:15,32813.33333,5071.495992,27741.837338,0.0
388,04/06/2023 08:20,33313.33333,4246.600991,29066.732339000002,0.0
389,04/06/2023 08:25,33813.33333,3629.877662,30183.455668000002,0.0
390,04/06/2023 08:30,34276.08333,3631.517996,30644.565334000003,0.0
391,04/06/2023 08:35,34701.08333,3432.90767,31268.17566,0.0
392,04/06/2023 08:40,35126.08333,3303.333994,31822.749336,0.0
393,04/06/2023 08:45,35556.05,3452.893334,32103.156666000003,0.0
394,04/06/2023 08:50,35991.05,3801.335996,32189.714004,0.0
395,04/06/2023 08:55,36426.05,3489.866328,32936.183672,0.0
396,04/06/2023 09:00,36813.86667,3710.866667,33103.000003,0.0
397,04/06/2023 09:05,37153.86667,3207.891331,33945.975339000004,0.0
398,04/06/2023 09:10,37493.86667,3143.571664,34350.295006,0.0
399,04/06/2023 09:15,37846.28333,3075.228339,34771.054991,0.0
400,04/06/2023 09:20,38211.28333,3117.286004,35093.997326,0.0
401,04/06/2023 09:25,38576.28333,3136.848007,35439.435323,0.0
402,04/06/2023 09:30,38894.1,3255.555334,35638.544666,0.0
403,04/06/2023 09:35,39164.1,3390.236983,35773.863016999996,0.0
404,04/06/2023 09:40,39434.1,3694.584672,35739.515328,0.0
405,04/06/2023 09:45,39706.58333,3636.872327,36069.711003000004,0.0
406,04/06/2023 09:50,39981.58333,3645.912336,36335.670994,0.0
407,04/06/2023 09:55,40256.58333,3606.49967,36650.083660000004,0.0
408,04/06/2023 10:00,40491.85,3585.463337,36906.386663,0.0
409,04/06/2023 10:05,40686.85,4097.035668,36589.814331999994,0.0
410,04/06/2023 10:10,40881.85,5317.725997,35564.124003,0.0
411,04/06/2023 10:15,41094.23333,8137.261996,32956.971334,0.0
412,04/06/2023 10:20,41324.23333,6017.141321,35307.092009,0.0
413,04/06/2023 10:25,41554.23333,5937.261012,35616.972318,0.0
414,04/06/2023 10:30,41684.9,6506.124337,35178.775663,0.0
415,04/06/2023 10:35,41714.9,5495.329985,36219.570015000005,0.0
416,04/06/2023 10:40,41744.9,6502.489316,35242.410684,0.0
417,04/06/2023 10:45,41675.56667,4092.383664,37583.183006,0.0
418,04/06/2023 10:50,41505.56667,3776.694659,37728.872011,0.0
419,04/06/2023 10:55,41335.56667,3736.702669,37598.864001,0.0
420,04/06/2023 11:00,39720.26667,3808.892671,35911.373998999996,0.0
421,04/06/2023 11:05,36640.26667,4112.798338,32527.468331999997,0.0
422,04/06/2023 11:10,33560.26667,4948.635683,28611.630986999997,0.0
423,04/06/2023 11:15,31371.78333,5949.717329,25422.066001,0.0
424,04/06/2023 11:20,30086.78333,4474.178311,25612.605019,0.0
425,04/06/2023 11:25,28801.78333,4762.471643,24039.311686999998,0.0
426,04/06/2023 11:30,28172.38333,4732.298017,23440.085313,0.0
427,04/06/2023 11:35,28207.38333,4388.907988,23818.475342,0.0
428,04/06/2023 11:40,28242.38333,4347.374326,23895.009004,0.0
429,04/06/2023 11:45,30480.1,3982.495338,26497.604661999998,0.0
430,04/06/2023 11:50,34950.1,3872.137665,31077.962334999997,0.0
431,04/06/2023 11:55,39420.1,4470.460001,34949.639999,0.0
432,04/06/2023 12:00,39708.16667,4998.285341,34709.881328999996,0.0
433,04/06/2023 12:05,35758.16667,5004.861002,30753.305668,0.0
434,04/06/2023 12:10,31808.16667,4746.480335,27061.686335,0.0
435,04/06/2023 12:15,32032.65,7173.886327,24858.763673,0.0
436,04/06/2023 12:20,36487.65,5865.454679,30622.195321,0.0
437,04/06/2023 12:25,40942.65,4673.603672,36269.046328000004,0.0
438,04/06/2023 12:30,41816.68333,4524.319671,37292.363659,0.0
439,04/06/2023 12:35,39061.68333,5340.10235,33721.58098,0.0
440,04/06/2023 12:40,36306.68333,5772.23867,30534.44466,0.0
441,04/06/2023 12:45,34602.13333,5685.493326,28916.640003999997,0.0
442,04/06/2023 12:50,33962.13333,6937.719352,27024.413977999997,0.0
443,04/06/2023 12:55,33322.13333,5376.344663,27945.788666999997,0.0
444,04/06/2023 13:00,33546.33333,8104.750987,25441.582343000002,0.0
445,04/06/2023 13:05,34646.33333,8336.017006,26310.316324,0.0
446,04/06/2023 13:10,35746.33333,8038.294021,27708.039309,0.0
447,04/06/2023 13:15,36039.25,6181.412335,29857.837665,0.0
448,04/06/2023 13:20,35514.25,8724.260322,26789.989677999998,0.0
449,04/06/2023 13:25,34989.25,7268.713666,27720.536334,0.0
450,04/06/2023 13:30,34978.3,6409.262668,28569.037332000004,0.0
451,04/06/2023 13:35,35488.3,4612.874675,30875.425325000004,0.0
452,04/06/2023 13:40,35998.3,6368.652339,29629.647661000003,0.0
453,04/06/2023 13:45,36331.98333,4788.710326,31543.273004000002,0.0
454,04/06/2023 13:50,36486.98333,6258.424335,30228.558995000003,0.0
455,04/06/2023 13:55,36641.98333,5283.437997,31358.545333000002,0.0
456,04/06/2023 14:00,33690.33333,5831.922336,27858.410994,0.0
457,04/06/2023 14:05,27590.33333,4599.559003,22990.774327,0.0
458,04/06/2023 14:10,21490.33333,5181.026013,16309.307317000003,0.0
459,04/06/2023 14:15,18092.2,5445.302318,12646.897682,0.0
460,04/06/2023 14:20,17432.2,4555.521674,12876.678326000001,0.0
461,04/06/2023 14:25,16772.2,4374.351001,12397.848999000002,0.0
462,04/06/2023 14:30,18963.06667,5367.727999,13595.338671000001,0.0
463,04/06/2023 14:35,24043.06667,5381.822999,18661.243671,0.0
464,04/06/2023 14:40,29123.06667,5054.548999,24068.517671,0.0
465,04/06/2023 14:45,31535.96667,5426.697661,26109.269009000003,0.0
466,04/06/2023 14:50,31245.96667,5439.012995,25806.953675,0.0
467,04/06/2023 14:55,30955.96667,5414.236334,25541.730336,0.0
468,04/06/2023 15:00,30318.3,6402.537003,23915.762996999998,0.0
469,04/06/2023 15:05,29328.3,5836.636988,23491.663011999997,0.0
470,04/06/2023 15:10,28338.3,6762.603028,21575.696971999998,0.0
471,04/06/2023 15:15,27601.6,6622.594663,20979.005337,0.0
472,04/06/2023 15:20,27121.6,7162.432986,19959.167014,0.0
473,04/06/2023 15:25,26641.6,7765.983362,18875.616638,0.0
474,04/06/2023 15:30,25868.56667,7209.615357,18658.951313,0.0
475,04/06/2023 15:35,24798.56667,7099.386046,17699.180624,0.0
476,04/06/2023 15:40,23728.56667,5577.133327,18151.433343,0.0
477,04/06/2023 15:45,22976.43333,5682.923679,17293.509651,0.0
478,04/06/2023 15:50,22546.43333,6975.893351,15570.539979000001,0.0
479,04/06/2023 15:55,22116.43333,7346.664671,14769.768659,0.0
480,04/06/2023 16:00,21557.3,7928.092658,13629.207342,0.0
481,04/06/2023 16:05,20867.3,8637.024036,12230.275963999999,0.0
482,04/06/2023 16:10,20177.3,7828.51532,12348.784679999999,0.0
483,04/06/2023 16:15,19353.2,7674.780642,11678.419358000001,0.0
484,04/06/2023 16:20,18393.2,5364.720349,13028.479651000001,0.0
485,04/06/2023 16:25,17433.2,4679.322325,12753.877675,0.0
486,04/06/2023 16:30,15320.93333,4501.761997,10819.171333,0.0
487,04/06/2023 16:35,12040.93333,5080.368664,6960.564666,0.0
488,04/06/2023 16:40,8760.933333,6454.267319,2306.6660140000013,0.0
489,04/06/2023 16:45,6727.566667,6821.87868,0.0,6821.87868
490,04/06/2023 16:50,5957.566667,9296.358351,0.0,9296.358351
491,04/06/2023 16:55,5187.566667,8840.806657,0.0,8840.806657
492,04/06/2023 17:00,4675.833333,7451.449989,0.0,7451.449989
493,04/06/2023 17:05,4425.833333,7525.05199,0.0,7525.05199
494,04/06/2023 17:10,4175.833333,6133.027678,0.0,6133.027678
495,04/06/2023 17:15,3878.65,4952.437996,0.0,4952.437996
496,04/06/2023 17:20,3533.65,7283.445996,0.0,7283.445996
497,04/06/2023 17:25,3188.65,7154.464007,0.0,7154.464007
498,04/06/2023 17:30,3079.566667,5345.265995,0.0,5345.265995
499,04/06/2023 17:35,3209.566667,4798.643663,0.0,4798.643663
500,04/06/2023 17:40,3339.566667,5610.609996,0.0,5610.609996
501,04/06/2023 17:45,3385.133333,4567.323993,0.0,4567.323993
502,04/06/2023 17:50,3345.133333,4617.262662,0.0,4617.262662
503,04/06/2023 17:55,3305.133333,4569.73034,0.0,4569.73034
504,04/06/2023 18:00,3138.483333,4619.748995,0.0,4619.748995
505,04/06/2023 18:05,2843.483333,4741.95133,0.0,4741.95133
506,04/06/2023 18:10,2548.483333,4718.500327,0.0,4718.500327
507,04/06/2023 18:15,2355.3,4683.090666,0.0,4683.090666
508,04/06/2023 18:20,2265.3,4655.050653,0.0,4655.050653
509,04/06/2023 18:25,2175.3,4536.113671,0.0,4536.113671
510,04/06/2023 18:30,2080.333333,4596.825656,0.0,4596.825656
511,04/06/2023 18:35,1980.333333,5350.029333,0.0,5350.029333
512,04/06/2023 18:40,1880.333333,5371.15134,0.0,5371.15134
513,04/06/2023 18:45,1646.233333,5531.793005,0.0,5531.793005
514,04/06/2023 18:50,1276.233333,5418.220341,0.0,5418.220341
515,04/06/2023 18:55,906.2333333,5573.376997,0.0,5573.376997
516,04/06/2023 19:00,628.1166667,5502.434998,0.0,5502.434998
517,04/06/2023 19:05,443.1166667,5263.153339,0.0,5263.153339
518,04/06/2023 19:10,258.1166667,5279.988001,0.0,5279.988001
519,04/06/2023 19:15,137.6833333,5406.652334,0.0,5406.652334
520,04/06/2023 19:20,82.68333333,5188.453677,0.0,5188.453677
521,04/06/2023 19:25,27.68333333,5246.429675,0.0,5246.429675
522,04/06/2023 19:30,0.0,5150.434002,0.0,5150.434002
523,04/06/2023 19:35,0.0,5210.653987,0.0,5210.653987
524,04/06/2023 19:40,0.0,5143.660987,0.0,5143.660987
525,04/06/2023 19:45,0.0,5966.891988,0.0,5966.891988
526,04/06/2023 19:50,0.0,5828.212657,0.0,5828.212657
527,04/06/2023 19:55,0.0,5916.614689,0.0,5916.614689
528,04/06/2023 20:00,0.0,4808.440328,0.0,4808.440328
529,04/06/2023 20:05,0.0,4978.489328,0.0,4978.489328
530,04/06/2023 20:10,0.0,4836.306341,0.0,4836.306341
531,04/06/2023 20:15,0.0,4710.452338,0.0,4710.452338
532,04/06/2023 20:20,0.0,4700.379342,0.0,4700.379342
533,04/06/2023 20:25,0.0,4660.533987,0.0,4660.533987
534,04/06/2023 20:30,0.0,5268.987001,0.0,5268.987001
535,04/06/2023 20:35,0.0,5626.400646,0.0,5626.400646
536,04/06/2023 20:40,0.0,5027.796334,0.0,5027.796334
537,04/06/2023 20:45,0.0,5325.815676,0.0,5325.815676
538,04/06/2023 20:50,0.0,4583.381992,0.0,4583.381992
539,04/06/2023 20:55,0.0,4717.548338,0.0,4717.548338
540,04/06/2023 21:00,0.0,4728.098674,0.0,4728.098674
541,04/06/2023 21:05,0.0,5072.286008,0.0,5072.286008
542,04/06/2023 21:10,0.0,5055.130665,0.0,5055.130665
543,04/06/2023 21:15,0.0,4676.188996,0.0,4676.188996
544,04/06/2023 21:20,0.0,4669.191344,0.0,4669.191344
545,04/06/2023 21:25,0.0,4332.354991,0.0,4332.354991
546,04/06/2023 21:30,0.0,4250.240998,0.0,4250.240998
547,04/06/2023 21:35,0.0,4209.111344,0.0,4209.111344
548,04/06/2023 21:40,0.0,4148.914677,0.0,4148.914677
549,04/06/2023 21:45,0.0,4026.379999,0.0,4026.379999
550,04/06/2023 21:50,0.0,4003.205005,0.0,4003.205005
551,04/06/2023 21:55,0.0,3915.197678,0.0,3915.197678
552,04/06/2023 22:00,0.0,3881.997333,0.0,3881.997333
553,04/06/2023 22:05,0.0,3873.376999,0.0,3873.376999
554,04/06/2023 22:10,0.0,3879.127678,0.0,3879.127678
555,04/06/2023 22:15,0.0,3878.636667,0.0,3878.636667
556,04/06/2023 22:20,0.0,3974.69533,0.0,3974.69533
557,04/06/2023 22:25,0.0,4003.102668,0.0,4003.102668
558,04/06/2023 22:30,0.0,3973.435331,0.0,3973.435331
559,04/06/2023 22:35,0.0,4151.475663,0.0,4151.475663
560,04/06/2023 22:40,0.0,4464.501344,0.0,4464.501344
561,04/06/2023 22:45,0.0,4407.525996,0.0,4407.525996
562,04/06/2023 22:50,0.0,6594.571669,0.0,6594.571669
563,04/06/2023 22:55,0.0,6226.546317,0.0,6226.546317
564,04/06/2023 23:00,0.0,6347.992665,0.0,6347.992665
565,04/06/2023 23:05,0.0,5260.842998,0.0,5260.842998
566,04/06/2023 23:10,0.0,3616.648002,0.0,3616.648002
567,04/06/2023 23:15,0.0,3988.933669,0.0,3988.933669
568,04/06/2023 23:20,0.0,3533.400992,0.0,3533.400992
569,04/06/2023 23:25,0.0,3353.190664,0.0,3353.190664
570,04/06/2023 23:30,0.0,3134.589678,0.0,3134.589678
571,04/06/2023 23:35,0.0,3068.483995,0.0,3068.483995
572,04/06/2023 23:40,0.0,3177.869998,0.0,3177.869998
573,04/06/2023 23:45,0.0,3085.451334,0.0,3085.451334
574,04/06/2023 23:50,0.0,2962.94167,0.0,2962.94167
575,04/06/2023 23:55,0.0,3116.416671,0.0,3116.416671
576,05/06/2023 00:00,0.0,3260.851672,0.0,3260.851672
577,05/06/2023 00:05,0.0,3352.803327,0.0,3352.803327
578,05/06/2023 00:10,0.0,3465.094007,0.0,3465.094007
579,05/06/2023 00:15,0.0,3499.087003,0.0,3499.087003
580,05/06/2023 00:20,0.0,3370.233995,0.0,3370.233995
581,05/06/2023 00:25,0.0,3278.534001,0.0,3278.534001
582,05/06/2023 00:30,0.0,3189.243998,0.0,3189.243998
583,05/06/2023 00:35,0.0,3069.577336,0.0,3069.577336
584,05/06/2023 00:40,0.0,3011.801331,0.0,3011.801331
585,05/06/2023 00:45,0.0,3086.814337,0.0,3086.814337
586,05/06/2023 00:50,0.0,3037.707659,0.0,3037.707659
587,05/06/2023 00:55,0.0,3150.317336,0.0,3150.317336
588,05/06/2023 01:00,0.0,3033.456665,0.0,3033.456665
589,05/06/2023 01:05,0.0,3057.28033,0.0,3057.28033
590,05/06/2023 01:10,0.0,2965.945,0.0,2965.945
591,05/06/2023 01:15,0.0,2932.16867,0.0,2932.16867
592,05/06/2023 01:20,0.0,2982.645339,0.0,2982.645339
593,05/06/2023 01:25,0.0,3098.377337,0.0,3098.377337
594,05/06/2023 01:30,0.0,3323.203004,0.0,3323.203004
595,05/06/2023 01:35,0.0,3413.73867,0.0,3413.73867
596,05/06/2023 01:40,0.0,3287.284331,0.0,3287.284331
597,05/06/2023 01:45,0.0,3305.091995,0.0,3305.091995
598,05/06/2023 01:50,0.0,3417.843997,0.0,3417.843997
599,05/06/2023 01:55,0.0,3450.496662,0.0,3450.496662
600,05/06/2023 02:00,0.0,3472.219009,0.0,3472.219009
601,05/06/2023 02:05,0.0,3250.536674,0.0,3250.536674
602,05/06/2023 02:10,0.0,3154.003334,0.0,3154.003334
603,05/06/2023 02:15,0.0,3190.804335,0.0,3190.804335
604,05/06/2023 02:20,0.0,3219.678674,0.0,3219.678674
605,05/06/2023 02:25,0.0,3255.294332,0.0,3255.294332
606,05/06/2023 02:30,0.0,3308.461669,0.0,3308.461669
607,05/06/2023 02:35,0.0,3235.723667,0.0,3235.723667
608,05/06/2023 02:40,0.0,3339.32433,0.0,3339.32433
609,05/06/2023 02:45,0.0,3315.269996,0.0,3315.269996
610,05/06/2023 02:50,0.0,3315.458,0.0,3315.458
611,05/06/2023 02:55,0.0,3223.858331,0.0,3223.858331
612,05/06/2023 03:00,0.0,3150.274669,0.0,3150.274669
613,05/06/2023 03:05,0.0,3069.616998,0.0,3069.616998
614,05/06/2023 03:10,0.0,3207.825668,0.0,3207.825668
615,05/06/2023 03:15,0.0,3537.668674,0.0,3537.668674
616,05/06/2023 03:20,0.0,3523.174672,0.0,3523.174672
617,05/06/2023 03:25,0.0,3556.448669,0.0,3556.448669
618,05/06/2023 03:30,47.18333333,3371.776671,0.0,3371.776671
619,05/06/2023 03:35,142.1833333,3093.844341,0.0,3093.844341
620,05/06/2023 03:40,237.1833333,3113.252329,0.0,3113.252329
621,05/06/2023 03:45,411.65,3422.370335,0.0,3422.370335
622,05/06/2023 03:50,666.65,3185.941674,0.0,3185.941674
623,05/06/2023 03:55,921.65,3340.842671,0.0,3340.842671
624,05/06/2023 04:00,1308.266667,3701.211334,0.0,3701.211334
625,05/06/2023 04:05,1828.266667,3923.815669,0.0,3923.815669
626,05/06/2023 04:10,2348.266667,3525.763326,0.0,3525.763326
627,05/06/2023 04:15,3464.266667,4013.30066,0.0,4013.30066
628,05/06/2023 04:20,5184.266667,3673.289013,1510.9776539999998,0.0
629,05/06/2023 04:25,6904.266667,3840.852342,3063.4143249999997,0.0
630,05/06/2023 04:30,8013.366667,3327.905998,4685.460669,0.0
631,05/06/2023 04:35,8503.366667,3195.589671,5307.7769960000005,0.0
632,05/06/2023 04:40,8993.366667,3194.638333,5798.728334,0.0
633,05/06/2023 04:45,9316.983333,3229.64833,6087.335003,0.0
634,05/06/2023 04:50,9471.983333,3227.298666,6244.6846669999995,0.0
635,05/06/2023 04:55,9626.983333,3300.592667,6326.390666,0.0
636,05/06/2023 05:00,9861.45,4213.575323,5647.874677000001,0.0
637,05/06/2023 05:05,10176.45,5552.906332,4623.543668000001,0.0
638,05/06/2023 05:10,10491.45,6303.999988,4187.450012000001,0.0
639,05/06/2023 05:15,11635.88333,5504.733011,6131.150319,0.0
640,05/06/2023 05:20,13620.88333,6306.591673,7314.291657000001,0.0
641,05/06/2023 05:25,15605.88333,6547.75466,9058.128670000002,0.0
642,05/06/2023 05:30,16721.71667,6546.220344,10175.496326,0.0
643,05/06/2023 05:35,16956.71667,5829.043305,11127.673365000002,0.0
644,05/06/2023 05:40,17191.71667,7147.51832,10044.198350000002,0.0
645,05/06/2023 05:45,17426.71667,7023.907306,10402.809364,0.0
646,05/06/2023 05:50,17661.71667,7933.459641,9728.257029,0.0
647,05/06/2023 05:55,17896.71667,4756.418017,13140.298653000002,0.0
648,05/06/2023 06:00,18091.98333,3918.079345,14173.903984999999,0.0
649,05/06/2023 06:05,18246.98333,3745.955653,14501.027676999998,0.0
650,05/06/2023 06:10,18401.98333,3374.618337,15027.364993,0.0
651,05/06/2023 06:15,18666.25,4388.674667,14277.575333,0.0
652,05/06/2023 06:20,19041.25,7412.815984,11628.434016,0.0
653,05/06/2023 06:25,19416.25,8453.978992,10962.271008,0.0
654,05/06/2023 06:30,19885.61667,7693.953326,12191.663344,0.0
655,05/06/2023 06:35,20450.61667,5948.645014,14501.971656,0.0
656,05/06/2023 06:40,21015.61667,4938.001328,16077.615342,0.0
657,05/06/2023 06:45,21617.86667,5442.576007,16175.290663,0.0
658,05/06/2023 06:50,22257.86667,5032.455662,17225.411008,0.0
659,05/06/2023 06:55,22897.86667,4258.256667,18639.610003,0.0
660,05/06/2023 07:00,23535.38333,3849.721,19685.66233,0.0
661,05/06/2023 07:05,24170.38333,3754.157663,20416.225667,0.0
662,05/06/2023 07:10,24805.38333,3623.422663,21181.960667,0.0
663,05/06/2023 07:15,25442.86667,3741.652337,21701.214333,0.0
664,05/06/2023 07:20,26082.86667,3645.315998,22437.550671999998,0.0
665,05/06/2023 07:25,26722.86667,3975.347988,22747.518681999998,0.0
666,05/06/2023 07:30,27375.28333,3675.817664,23699.465665999996,0.0
667,05/06/2023 07:35,28040.28333,3660.678327,24379.605002999997,0.0
668,05/06/2023 07:40,28705.28333,4822.98667,23882.29666,0.0
669,05/06/2023 07:45,29263.5,4653.100337,24610.399663,0.0
670,05/06/2023 07:50,29713.5,4024.079336,25689.420664,0.0
671,05/06/2023 07:55,30163.5,4023.81999,26139.68001,0.0
672,05/06/2023 08:00,30628.4,4041.231338,26587.168662,0.0
673,05/06/2023 08:05,31108.4,3906.74833,27201.651670000003,0.0
674,05/06/2023 08:10,31588.4,3772.817337,27815.582663,0.0
675,05/06/2023 08:15,32070.88333,4571.825659,27499.057671000002,0.0
676,05/06/2023 08:20,32555.88333,4820.107333,27735.775997,0.0
677,05/06/2023 08:25,33040.88333,5733.820339,27307.062991,0.0
678,05/06/2023 08:30,33473.73333,6343.86133,27129.872000000003,0.0
679,05/06/2023 08:35,33853.73333,6085.185666,27768.547664,0.0
680,05/06/2023 08:40,34233.73333,6543.954352,27689.778978000002,0.0
681,05/06/2023 08:45,34663.4,5921.100985,28742.299015,0.0
682,05/06/2023 08:50,35143.4,5807.364645,29336.035355,0.0
683,05/06/2023 08:55,35623.4,5730.61901,29892.78099,0.0
684,05/06/2023 09:00,36133.2,6253.123653,29880.076347,0.0
685,05/06/2023 09:05,36673.2,6475.666322,30197.533677999996,0.0
686,05/06/2023 09:10,37213.2,5354.640987,31858.559013,0.0
687,05/06/2023 09:15,37656.35,4458.188003,33198.161996999996,0.0
688,05/06/2023 09:20,38001.35,4142.587343,33858.762657,0.0
689,05/06/2023 09:25,38346.35,4260.049673,34086.300327,0.0
690,05/06/2023 09:30,38639.2,4829.186657,33810.013343,0.0
691,05/06/2023 09:35,38879.2,5108.370671,33770.829329,0.0
692,05/06/2023 09:40,39119.2,4499.584661,34619.615338999996,0.0
693,05/06/2023 09:45,39485.85,4594.036333,34891.813666999995,0.0
694,05/06/2023 09:50,39980.85,4750.704004,35230.145996,0.0
695,05/06/2023 09:55,40475.85,4859.619662,35616.230338,0.0
696,05/06/2023 10:00,40774.66667,4265.680008,36508.986661999996,0.0
697,05/06/2023 10:05,40874.66667,4261.73134,36612.93533,0.0
698,05/06/2023 10:10,40974.66667,4364.617651,36610.049019,0.0
699,05/06/2023 10:15,38519.31667,4276.633329,34242.683340999996,0.0
700,05/06/2023 10:20,33474.31667,4170.538002,29303.778668,0.0
701,05/06/2023 10:25,28429.31667,4202.084327,24227.232343,0.0
702,05/06/2023 10:30,24308.11667,4049.364684,20258.751986,0.0
703,05/06/2023 10:35,21123.11667,4322.780661,16800.336009,0.0
704,05/06/2023 10:40,17938.11667,5502.015331,12436.101339,0.0
705,05/06/2023 10:45,17427.66667,4993.485659,12434.181010999999,0.0
706,05/06/2023 10:50,19627.66667,7281.423998,12346.242671999998,0.0
707,05/06/2023 10:55,21827.66667,5713.23499,16114.431679999998,0.0
708,05/06/2023 11:00,23958.13333,5854.688999,18103.444331,0.0
709,05/06/2023 11:05,26018.13333,5025.195329,20992.938001000002,0.0
710,05/06/2023 11:10,28078.13333,5247.871662,22830.261668,0.0
711,05/06/2023 11:15,28692.83333,6747.248664,21945.584666000002,0.0
712,05/06/2023 11:20,27842.83333,7197.477302,20645.356028000002,0.0
713,05/06/2023 11:25,26992.83333,7029.988642,19962.844688,0.0
714,05/06/2023 11:30,28345.55,6661.710684,21683.839315999998,0.0
715,05/06/2023 11:35,31930.55,7626.809665,24303.740335,0.0
716,05/06/2023 11:40,35515.55,7592.691338,27922.858662000002,0.0
717,05/06/2023 11:45,37180.93333,10726.93334,26453.99999,0.0
718,05/06/2023 11:50,36900.93333,10714.71468,26186.218650000003,0.0
719,05/06/2023 11:55,36620.93333,9507.815954,27113.117376000002,0.0
720,05/06/2023 12:00,33860.08333,9613.70368,24246.379650000003,0.0
721,05/06/2023 12:05,28585.08333,9370.76364,19214.319690000004,0.0
722,05/06/2023 12:10,23310.08333,6259.578993,17050.504337000002,0.0
723,05/06/2023 12:15,24151.53333,5745.697995,18405.835334999996,0.0
724,05/06/2023 12:20,31191.53333,5626.922646,25564.610684,0.0
725,05/06/2023 12:25,38231.53333,5341.78666,32889.74667,0.0
726,05/06/2023 12:30,39343.81667,6910.762012,32433.054658,0.0
727,05/06/2023 12:35,34448.81667,7239.972684,27208.843986,0.0
728,05/06/2023 12:40,29553.81667,5713.26235,23840.55432,0.0
729,05/06/2023 12:45,27380.55,4919.806991,22460.743008999998,0.0
730,05/06/2023 12:50,27965.55,5344.413986,22621.136014,0.0
731,05/06/2023 12:55,28550.55,6263.415359,22287.134641,0.0
732,05/06/2023 13:00,30908.65,4408.628998,26500.021002,0.0
733,05/06/2023 13:05,35063.65,4888.354669,30175.295331,0.0
734,05/06/2023 13:10,39218.65,4995.258003,34223.391997,0.0
735,05/06/2023 13:15,39832.41667,6346.092981,33486.323689,0.0
736,05/06/2023 13:20,36857.41667,7614.498681,29242.917988999998,0.0
737,05/06/2023 13:25,33882.41667,6983.660968,26898.755702,0.0
738,05/06/2023 13:30,29188.95,7196.430331,21992.519669,0.0
739,05/06/2023 13:35,22753.95,7486.086353,15267.863647000002,0.0
740,05/06/2023 13:40,16318.95,7666.530332,8652.419668,0.0
741,05/06/2023 13:45,13599.01667,7813.898018,5785.118652000001,0.0
742,05/06/2023 13:50,14644.01667,6516.264336,8127.752334000001,0.0
743,05/06/2023 13:55,15689.01667,5874.363339,9814.653331000001,0.0
744,05/06/2023 14:00,18373.01667,5760.009333,12613.007337000001,0.0
745,05/06/2023 14:05,22718.01667,5742.343642,16975.673028,0.0
746,05/06/2023 14:10,27063.01667,7419.995981,19643.020689,0.0
747,05/06/2023 14:15,27347.76667,8252.843999,19094.922671,0.0
748,05/06/2023 14:20,23517.76667,10733.84235,12783.92432,0.0
749,05/06/2023 14:25,19687.76667,8042.907981,11644.858689,0.0
750,05/06/2023 14:30,15070.55,7262.634678,7807.915321999999,0.0
751,05/06/2023 14:35,9655.55,6924.84934,2730.7006599999995,0.0
752,05/06/2023 14:40,4240.55,6100.808346,0.0,6100.808346
753,05/06/2023 14:45,1264.183333,6453.704645,0.0,6453.704645
754,05/06/2023 14:50,759.1833333,7258.616665,0.0,7258.616665
755,05/06/2023 14:55,254.1833333,9220.978341,0.0,9220.978341
756,05/06/2023 15:00,0.0,9231.766329,0.0,9231.766329
757,05/06/2023 15:05,0.0,10069.75967,0.0,10069.75967
758,05/06/2023 15:10,0.0,8344.649669,0.0,8344.649669
759,05/06/2023 15:15,0.0,8988.432303,0.0,8988.432303
760,05/06/2023 15:20,0.0,8294.535,0.0,8294.535
761,05/06/2023 15:25,0.0,9099.630329,0.0,9099.630329
762,05/06/2023 15:30,0.0,7538.472663,0.0,7538.472663
763,05/06/2023 15:35,0.0,8442.602348,0.0,8442.602348
764,05/06/2023 15:40,0.0,8587.285681,0.0,8587.285681
765,05/06/2023 15:45,0.0,6776.933675,0.0,6776.933675
766,05/06/2023 15:50,0.0,6445.587321,0.0,6445.587321
767,05/06/2023 15:55,0.0,8458.601349,0.0,8458.601349
768,05/06/2023 16:00,0.0,10276.60065,0.0,10276.60065
769,05/06/2023 16:05,0.0,11950.78334,0.0,11950.78334
770,05/06/2023 16:10,0.0,11354.14863,0.0,11354.14863
771,05/06/2023 16:15,0.0,9670.400319,0.0,9670.400319
772,05/06/2023 16:20,0.0,8853.768363,0.0,8853.768363
773,05/06/2023 16:25,0.0,8538.140678,0.0,8538.140678
774,05/06/2023 16:30,0.0,8133.142353,0.0,8133.142353
775,05/06/2023 16:35,0.0,7551.25132,0.0,7551.25132
776,05/06/2023 16:40,0.0,7181.532663,0.0,7181.532663
777,05/06/2023 16:45,0.0,7340.441339,0.0,7340.441339
778,05/06/2023 16:50,0.0,8590.79936,0.0,8590.79936
779,05/06/2023 16:55,0.0,6815.405991,0.0,6815.405991
780,05/06/2023 17:00,0.0,4995.775343,0.0,4995.775343
781,05/06/2023 17:05,0.0,6429.493317,0.0,6429.493317
782,05/06/2023 17:10,0.0,8592.19497,0.0,8592.19497
783,05/06/2023 17:15,0.0,10107.84669,0.0,10107.84669
784,05/06/2023 17:20,0.0,8927.885302,0.0,8927.885302
785,05/06/2023 17:25,0.0,6230.758672,0.0,6230.758672
786,05/06/2023 17:30,0.0,6974.728008,0.0,6974.728008
787,05/06/2023 17:35,0.0,4849.802657,0.0,4849.802657
788,05/06/2023 17:40,0.0,5578.777686,0.0,5578.777686
789,05/06/2023 17:45,0.0,5397.950343,0.0,5397.950343
790,05/06/2023 17:50,0.0,4541.548321,0.0,4541.548321
791,05/06/2023 17:55,0.0,6268.02433,0.0,6268.02433
792,05/06/2023 18:00,0.0,7725.103003,0.0,7725.103003
793,05/06/2023 18:05,0.0,6788.683011,0.0,6788.683011
794,05/06/2023 18:10,0.0,7521.689681,0.0,7521.689681
795,05/06/2023 18:15,0.0,6156.397027,0.0,6156.397027
796,05/06/2023 18:20,0.0,5725.904345,0.0,5725.904345
797,05/06/2023 18:25,0.0,6716.059696,0.0,6716.059696
798,05/06/2023 18:30,0.0,7263.978622,0.0,7263.978622
799,05/06/2023 18:35,0.0,7098.594658,0.0,7098.594658
800,05/06/2023 18:40,0.0,6273.21133,0.0,6273.21133
801,05/06/2023 18:45,0.0,5941.904999,0.0,5941.904999
802,05/06/2023 18:50,0.0,5004.037666,0.0,5004.037666
803,05/06/2023 18:55,0.0,5042.940335,0.0,5042.940335
804,05/06/2023 19:00,0.0,5113.339974,0.0,5113.339974
805,05/06/2023 19:05,0.0,4877.637008,0.0,4877.637008
806,05/06/2023 19:10,0.0,4942.821331,0.0,4942.821331
807,05/06/2023 19:15,0.0,4909.996004,0.0,4909.996004
808,05/06/2023 19:20,0.0,4797.787337,0.0,4797.787337
809,05/06/2023 19:25,0.0,4976.888667,0.0,4976.888667
810,05/06/2023 19:30,0.0,5264.148008,0.0,5264.148008
811,05/06/2023 19:35,0.0,5312.880997,0.0,5312.880997
812,05/06/2023 19:40,0.0,5012.732007,0.0,5012.732007
813,05/06/2023 19:45,0.0,4996.923997,0.0,4996.923997
814,05/06/2023 19:50,0.0,5287.330682,0.0,5287.330682
815,05/06/2023 19:55,0.0,6134.489981,0.0,6134.489981
816,05/06/2023 20:00,0.0,6449.238011,0.0,6449.238011
817,05/06/2023 20:05,0.0,5474.909993,0.0,5474.909993
818,05/06/2023 20:10,0.0,5604.333005,0.0,5604.333005
819,05/06/2023 20:15,0.0,5073.04699,0.0,5073.04699
820,05/06/2023 20:20,0.0,4897.519669,0.0,4897.519669
821,05/06/2023 20:25,0.0,4718.623996,0.0,4718.623996
822,05/06/2023 20:30,0.0,4510.25032,0.0,4510.25032
823,05/06/2023 20:35,0.0,4419.368011,0.0,4419.368011
824,05/06/2023 20:40,0.0,4491.008005,0.0,4491.008005
825,05/06/2023 20:45,0.0,4513.661338,0.0,4513.661338
826,05/06/2023 20:50,0.0,4859.766991,0.0,4859.766991
827,05/06/2023 20:55,0.0,6805.429019,0.0,6805.429019
828,05/06/2023 21:00,0.0,6690.153659,0.0,6690.153659
829,05/06/2023 21:05,0.0,6353.173013,0.0,6353.173013
830,05/06/2023 21:10,0.0,5978.323668,0.0,5978.323668
831,05/06/2023 21:15,0.0,5749.19598,0.0,5749.19598
832,05/06/2023 21:20,0.0,4579.565002,0.0,4579.565002
833,05/06/2023 21:25,0.0,4537.032669,0.0,4537.032669
834,05/06/2023 21:30,0.0,4241.892004,0.0,4241.892004
835,05/06/2023 21:35,0.0,4520.775,0.0,4520.775
836,05/06/2023 21:40,0.0,4718.894657,0.0,4718.894657
837,05/06/2023 21:45,0.0,4394.33866,0.0,4394.33866
838,05/06/2023 21:50,0.0,4352.602668,0.0,4352.602668
839,05/06/2023 21:55,0.0,4483.49099,0.0,4483.49099
840,05/06/2023 22:00,0.0,4304.56733,0.0,4304.56733
841,05/06/2023 22:05,0.0,4364.671657,0.0,4364.671657
842,05/06/2023 22:10,0.0,4219.074327,0.0,4219.074327
843,05/06/2023 22:15,0.0,3909.951659,0.0,3909.951659
844,05/06/2023 22:20,0.0,3891.975326,0.0,3891.975326
845,05/06/2023 22:25,0.0,3892.207657,0.0,3892.207657
846,05/06/2023 22:30,0.0,3893.198675,0.0,3893.198675
847,05/06/2023 22:35,0.0,3944.145,0.0,3944.145
848,05/06/2023 22:40,0.0,3829.525325,0.0,3829.525325
849,05/06/2023 22:45,0.0,3833.167994,0.0,3833.167994
850,05/06/2023 22:50,0.0,3837.479326,0.0,3837.479326
851,05/06/2023 22:55,0.0,3967.437328,0.0,3967.437328
852,05/06/2023 23:00,0.0,3676.250338,0.0,3676.250338
853,05/06/2023 23:05,0.0,3741.474338,0.0,3741.474338
854,05/06/2023 23:10,0.0,3716.215667,0.0,3716.215667
855,05/06/2023 23:15,0.0,3763.879006,0.0,3763.879006
856,05/06/2023 23:20,0.0,3723.995668,0.0,3723.995668
857,05/06/2023 23:25,0.0,3598.181338,0.0,3598.181338
858,05/06/2023 23:30,0.0,3522.233337,0.0,3522.233337
859,05/06/2023 23:35,0.0,3691.899666,0.0,3691.899666
860,05/06/2023 23:40,0.0,3584.034667,0.0,3584.034667
861,05/06/2023 23:45,0.0,3437.290327,0.0,3437.290327
862,05/06/2023 23:50,0.0,3341.342,0.0,3341.342
863,05/06/2023 23:55,0.0,3306.53099,0.0,3306.53099
